링크	업체명	키워드	발행일	동일키워드발행수	검색순위
https://blog.naver.com/dnation09/224293456190	가경동 맛	가경동 맛집	2026. 5. 22.	2	
https://blog.naver.com/dnation09/224219801135	달구레 감자탕	가경동 맛집	2026. 3. 17.	2	
https://blog.naver.com/dnation09/224320871555	파크루안 역삼점	강남 룸식당	2026. 6. 21.	1	
https://blog.naver.com/dnation09/224218794677	곳만	강남맛집	2026. 3. 16.	1	
https://blog.naver.com/dnation09/224279056443	파크루안 역삼점	강남역 룸식당	2026. 5. 8.	1	
https://blog.naver.com/dnation09/224296758106	육목원	강남역 소고기	2026. 5. 26.	1	
https://blog.naver.com/dnation09/224263738076	찬란한 아구 강남본점	강남역 점심 맛집	2026. 4. 26.	1	
https://blog.naver.com/dnation09/224309473149	패왕훠궈	강남 점심	2026. 6. 8.	1	
https://blog.naver.com/dnation09/224290352513	리정원 암사역점	강동 맛집	2026. 5. 19.	1	
https://blog.naver.com/dnation09/224323365087	대동면옥 강릉점	강릉막국수	2026. 6. 22.	1	
https://blog.naver.com/dnation09/224323356741	대동면옥 강릉본점	강릉맛집	2026. 6. 22.	4	
https://blog.naver.com/dnation09/224313863257	대동면옥 강릉본점	강릉맛집	2026. 6. 13.	4	
https://blog.naver.com/dnation09/224290354404	대동면옥 강릉본점	강릉맛집	2026. 5. 20.	4	
https://blog.naver.com/dnation09/224227616257	고선생 화덕생선구이	강릉맛집	2026. 3. 24.	4	
https://blog.naver.com/dnation09/224318758448	대동면옥 강릉본점	강릉맛집추천	2026. 6. 17.	2	
https://blog.naver.com/dnation09/224261329013	대동면옥 강릉본점	강릉맛집추천	2026. 4. 22.	2	
https://blog.naver.com/dnation09/224318763977	대동면옥 강릉본점	강릉역 맛집	2026. 6. 17.	1	
https://blog.naver.com/dnation09/224259735782	대동면옥 강릉본점	강릉 점심 맛집	2026. 4. 21.	1	
https://blog.naver.com/dnation09/224292452560	대동면옥 강릉본점	강릉 현지인 맛집	2026. 5. 21.	1	
https://blog.naver.com/dnation09/224319878365	우동키노야 건대입구점	건대 맛집	2026. 6. 18.	1	
https://blog.naver.com/dnation09/224327126720	찬란한아구 공덕점	공덕 맛집	2026. 6. 26.	2	
https://blog.naver.com/dnation09/224319888922	찬란한아구 공덕점	공덕 맛집	2026. 6. 18.	2	
https://blog.naver.com/dnation09/224277780531	리정원 공덕점	공덕역맛집	2026. 5. 7.	1	
https://blog.naver.com/dnation09/224268086168	리정원 공덕점	공덕역 회식	2026. 4. 29.	1	
https://blog.naver.com/dnation09/224310734239	갑사 서울식당	공주 맛집	2026. 6. 10.	1	
https://blog.naver.com/dnation09/224259739784	하나 샤브샤브 광교점	광교룸식당	2026. 4. 21.	1	
https://blog.naver.com/dnation09/224309455325	하나 샤브샤브 광교점	광교 맛집	2026. 6. 8.	1	
https://blog.naver.com/dnation09/224320875743	우동키노야 광안점	광안리맛집	2026. 6. 21.	3	
https://blog.naver.com/dnation09/224320850613	청산1954 광안리본점	광안리맛집	2026. 6. 20.	3	
https://blog.naver.com/dnation09/224313043059	우동키노야 광안점	광안리맛집	2026. 6. 11.	3	
https://blog.naver.com/dnation09/224327764464	카이루 이자까야 광안본점	광안리술집	2026. 6. 27.	1	
https://blog.naver.com/dnation09/224291386906	우동키노야 광안점	광안리 점심 맛집	2026. 5. 21.	1	
https://blog.naver.com/dnation09/224291384530	금목서 광양불고기	광양 불고기	2026. 5. 20.	1	
https://blog.naver.com/dnation09/224317477257	감골연탄집 서초교대점	교대역 맛집	2026. 6. 16.	1	
https://blog.naver.com/dnation09/224263727255	감골연탄집 서초교대점	교대점심	2026. 4. 25.	1	
https://blog.naver.com/dnation09/224313868819	육풍 구로점	구디맛집	2026. 6. 14.	1	
https://blog.naver.com/dnation09/224317486232	호우양꼬치 구월	구월동 맛집	2026. 6. 16.	2	
https://blog.naver.com/dnation09/224310640639	호우양꼬치 구월	구월동 맛집	2026. 6. 9.	2	
https://blog.naver.com/dnation09/224269008310	상록회관 군산나운점	군산 나운동 맛집	2026. 4. 29.	1	
https://blog.naver.com/dnation09/224319884582	정육곳간 길동점	길동 맛집	2026. 6. 18.	1	
https://blog.naver.com/dnation09/224320861820	가야부처스	김해맛집	2026. 6. 21.	2	
https://blog.naver.com/dnation09/224313860086	가야부처스	김해맛집	2026. 6. 13.	2	
https://blog.naver.com/dnation09/224238049975	가야부처스	김해 한우 맛집	2026. 4. 2.	1	
https://blog.naver.com/dnation09/224274583405	보나리베	남양주 카페	2026. 5. 4.	1	
https://blog.naver.com/dnation09/224328014022	청산1954 광안리본점	남천동맛집	2026. 6. 28.	1	
https://blog.naver.com/dnation09/224325760474	노들솥뚜껑 노량진점	노량진맛집	2026. 6. 24.	1	
https://blog.naver.com/dnation09/224306803999	산호초 논현점	논현동 맛집	2026. 6. 7.	1	
https://blog.naver.com/dnation09/224290292557	산호초 논현점	논현역 회식	2026. 5. 19.	1	
https://blog.naver.com/dnation09/224292462021	월가갈비	덕수궁 맛집	2026. 5. 21.	1	
https://blog.naver.com/dnation09/224325754519	무등소갈비 대구메리어트점	동대구역 맛집	2026. 6. 24.	2	
https://blog.naver.com/dnation09/224303820166	우야지막창 동대구역점	동대구역 맛집	2026. 6. 2.	2	
https://blog.naver.com/dnation09/224306789336	창심관 동탄	동탄 고깃집	2026. 6. 7.	2	
https://blog.naver.com/dnation09/224234122983	창심관 동탄	동탄 고깃집	2026. 3. 30.	2	
https://blog.naver.com/dnation09/224310631049	창심관 동탄	동탄 룸식당	2026. 6. 9.	1	
https://blog.naver.com/dnation09/224328009168	창심관 동탄	동탄맛집	2026. 6. 28.	2	
https://blog.naver.com/dnation09/224316459013	창심관 동탄	동탄맛집	2026. 6. 15.	2	
https://blog.naver.com/dnation09/224320867304	상록회관연탄구이 문래점	문래 맛집	2026. 6. 21.	3	
https://blog.naver.com/dnation09/224313039184	우시이토 문래점	문래 맛집	2026. 6. 11.	3	
https://blog.naver.com/dnation09/224287529300	우시이토 문래점	문래 맛집	2026. 5. 16.	3	
https://blog.naver.com/dnation09/224269314812	으로 변경한	발산맛집	2026. 4. 30.	1	
https://blog.naver.com/dnation09/224324600267	일편등심 마곡발산점	발산역맛집	2026. 6. 23.	3	
https://blog.naver.com/dnation09/224313871692	일편등심 마곡발산점	발산역맛집	2026. 6. 14.	3	
https://blog.naver.com/dnation09/224276592506	일편등심 마곡발산점	발산역맛집	2026. 5. 6.	3	
https://blog.naver.com/dnation09/224261323389	굽돌집 잠실방이직영점	방이동맛집	2026. 4. 22.	1	
https://blog.naver.com/dnation09/224324583242	굽돌집 잠실방이직영점	방이동 회식	2026. 6. 23.	2	
https://blog.naver.com/dnation09/224305692568	먹자골목 맛집 초원소금구	방이동 회식	2026. 6. 4.	2	
https://blog.naver.com/dnation09/224327138087	맵시 낙지 백운호수직영점	백운호수맛집	2026. 6. 26.	2	
https://blog.naver.com/dnation09/224271764399	맵시 낙지 백운호수직영점	백운호수맛집	2026. 5. 2.	2	
https://blog.naver.com/dnation09/224318768054	낙지마실	보문단지 맛집	2026. 6. 17.	1	
https://blog.naver.com/dnation09/224236771508	우심재	부천 상견례	2026. 4. 1.	1	
https://blog.naver.com/dnation09/224327821259	대수부훠궈 부천점	부천역 맛집	2026. 6. 27.	1	
https://blog.naver.com/dnation09/224263478518	사당 광안리 사당본점	사당 술집	2026. 4. 26.	1	
https://blog.naver.com/dnation09/224276597884	사당 광안리 사당본점	사당역 술집	2026. 5. 6.	1	
https://blog.naver.com/dnation09/224311599619	워낭 사당본점	사당역 이자카야	2026. 6. 10.	1	
https://blog.naver.com/dnation09/224281950924	성안길 맛	산남동 맛집	2026. 5. 11.	1	
https://blog.naver.com/dnation09/224302801612	충정화로	서대문역 맛집	2026. 6. 1.	1	
https://blog.naver.com/dnation09/224276601800	우동키노야 서현점	서현 맛집	2026. 5. 6.	1	
https://blog.naver.com/dnation09/224262620446	우와해 선릉본점	선릉역 맛집	2026. 4. 24.	1	
https://blog.naver.com/dnation09/224274394638	우와해 선릉본점	선릉역 회식	2026. 5. 4.	1	
https://blog.naver.com/dnation09/224218804445	성수다락	성수동 맛집	2026. 3. 19.	1	
https://blog.naver.com/dnation09/224326692276	우동키노야 성수점	성수 맛집	2026. 6. 25.	2	
https://blog.naver.com/dnation09/224319903491	우동키노야 성수점	성수 맛집	2026. 6. 19.	2	
https://blog.naver.com/dnation09/224306815930	오밀 성수	성수역 데이트	2026. 6. 7.	1	
https://blog.naver.com/dnation09/224311036827	소보루 성심당	성심당	2026. 6. 9.	1	
https://blog.naver.com/dnation09/224325766211	고담현불고기 해운대센텀시티점	센텀맛집	2026. 6. 24.	2	
https://blog.naver.com/dnation09/224279082523	고담현불고기 해운대센텀시티점	센텀맛집	2026. 5. 9.	2	
https://blog.naver.com/dnation09/224254689483	옛 고을순두부	속초맛집	2026. 4. 16.	1	
https://blog.naver.com/dnation09/224260050406	청초수물회 속초본점	속초 점심	2026. 4. 21.	1	
https://blog.naver.com/dnation09/224298984152	청초수물회 속초	속초 해수욕장 맛집	2026. 5. 28.	1	
https://blog.naver.com/dnation09/224326702798	럭키족발 송도점	송도 맛집	2026. 6. 25.	1	
https://blog.naver.com/dnation09/224261008327	백호동태 송도점	송도 샤브샤브	2026. 4. 22.	1	
https://blog.naver.com/dnation09/224316441821	샤브밀	수원맛집	2026. 6. 15.	1	
https://blog.naver.com/dnation09/224285429415	상록회관연탄구이 수원스타필드점	수원 스타필드 맛집	2026. 5. 14.	1	
https://blog.naver.com/dnation09/224328005281	샤브밀	수원역맛집	2026. 6. 28.	3	
https://blog.naver.com/dnation09/224320846415	샤브밀	수원역맛집	2026. 6. 20.	3	
https://blog.naver.com/dnation09/224313855889	샤브밀	수원역맛집	2026. 6. 12.	3	
https://blog.naver.com/dnation09/224305691521	멘쿠도	신논현 데이트	2026. 6. 4.	1	
https://blog.naver.com/dnation09/224266817285	서울집	신논현 맛집	2026. 4. 28.	1	
https://blog.naver.com/dnation09/224266797516	우동키노야 강남신논현역점	신논현역 맛집	2026. 4. 27.	1	
https://blog.naver.com/dnation09/224262624419	산호초 논현점	신논현 횟집	2026. 4. 24.	1	
https://blog.naver.com/dnation09/224323372135	우동키노야 신용산본점	신용산 맛집	2026. 6. 22.	1	
https://blog.naver.com/dnation09/224313041293	산산바베큐치킨 신촌본점	신촌 술집	2026. 6. 11.	1	
https://blog.naver.com/dnation09/224327134620	회삼춘	아산맛집	2026. 6. 26.	1	
https://blog.naver.com/dnation09/224327825102	라성돌판요리	안산맛집	2026. 6. 27.	2	
https://blog.naver.com/dnation09/224317481816	라성돌판요리	안산맛집	2026. 6. 16.	2	
https://blog.naver.com/dnation09/224326698496	델리커리 안양엔터식스점	안양역맛집	2026. 6. 25.	1	
https://blog.naver.com/dnation09/224305759738	가야부처스 양산점	양산 맛집	2026. 6. 4.	1	
https://blog.naver.com/dnation09/224239401838	상록회관연탄구이 여수여서점	여수 고기집	2026. 4. 5.	1	
https://blog.naver.com/dnation09/224218811093	곳만	여의도 맛집	2026. 3. 21.	1	
https://blog.naver.com/dnation09/224266812269	사위식당 여의도점	여의도 점심 맛집	2026. 4. 28.	1	
https://blog.naver.com/dnation09/224297941884	명장갈비 오송점	오송 회식	2026. 5. 27.	1	
https://blog.naver.com/dnation09/224320853609	홍홍대패 오창점	오창 맛집	2026. 6. 20.	1	
https://blog.naver.com/dnation09/224323368956	우동키노야 신용산본점	용산 맛집	2026. 6. 22.	2	
https://blog.naver.com/dnation09/224318771810	우동키노야 신용산본점	용산 맛집	2026. 6. 17.	2	
https://blog.naver.com/dnation09/224319912821	바램 청주 율량점	율량동 맛집	2026. 6. 19.	4	
https://blog.naver.com/dnation09/224316450629	창심관 율량점	율량동 맛집	2026. 6. 15.	4	
https://blog.naver.com/dnation09/224303975835	바램 청주 율량점	율량동 맛집	2026. 6. 3.	4	
https://blog.naver.com/dnation09/224290289664	창심관 율량점	율량동 맛집	2026. 5. 19.	4	
https://blog.naver.com/dnation09/224303840498	보성갈비	율량동 회식	2026. 6. 2.	1	
https://blog.naver.com/dnation09/224319908213	금성회관 을지로점	을지로 맛집	2026. 6. 19.	1	
https://blog.naver.com/dnation09/224302900830	맵시 낙지 백운호수직영점	의왕롯데아울렛	2026. 6. 1.	2	
https://blog.naver.com/dnation09/224271767618	맵시 낙지 백운호수직영점	의왕롯데아울렛	2026. 5. 2.	2	
https://blog.naver.com/dnation09/224302851182	항아리정육식당 의정부	의정부역 맛집	2026. 6. 1.	2	
https://blog.naver.com/dnation09/224232751060	항아리정육식당 의정부	의정부역 맛집	2026. 3. 28.	2	
https://blog.naver.com/dnation09/224218814222	7곳, 광고 아님 내돈내산 후기만 모았어요	이태원맛집	2026. 3. 22.	1	
https://blog.naver.com/dnation09/224327130461	곱따 일산	일산 맛집	2026. 6. 26.	2	
https://blog.naver.com/dnation09/224319895024	곱따 일산	일산 맛집	2026. 6. 18.	2	
https://blog.naver.com/dnation09/224218807620	라쿤피자 잠실	잠실 맛집	2026. 3. 20.	1	
https://blog.naver.com/dnation09/224218801341	샤브가든 종로 타워점	종로 맛집	2026. 3. 18.	1	
https://blog.naver.com/dnation09/224222427215	무등소갈비 첨단본점	첨단맛집	2026. 3. 19.	1	
https://blog.naver.com/dnation09/224313849939	아키아키	청주맛집	2026. 6. 12.	2	
https://blog.naver.com/dnation09/224311784919	창심관 율량점	청주맛집	2026. 6. 11.	2	
https://blog.naver.com/dnation09/224324587645	대구왕뽈때기청주봉명점	청주 봉명동 맛집	2026. 6. 23.	3	
https://blog.naver.com/dnation09/224313866635	봉명동 맛	청주 봉명동 맛집	2026. 6. 13.	3	
https://blog.naver.com/dnation09/224293458593	대구왕뽈때기청주봉명점	청주 봉명동 맛집	2026. 5. 22.	3	
https://blog.naver.com/dnation09/224313852200	아키아키	청주상견례	2026. 6. 12.	2	
https://blog.naver.com/dnation09/224285477671	아키아키	청주상견례	2026. 5. 14.	2	
https://blog.naver.com/dnation09/224320885611	아키아키	청주오마카세	2026. 6. 20.	1	
https://blog.naver.com/dnation09/224313874620	황토골 충무로역 본점	충무로맛집	2026. 6. 14.	1	
https://blog.naver.com/dnation09/224325770766	사위식당 판교점	판교맛집	2026. 6. 24.	2	
https://blog.naver.com/dnation09/224263730051	사위식당 판교점	판교맛집	2026. 4. 25.	2	
https://blog.naver.com/dnation09/224261734050	어느달에서 포천 맛	포천맛집	2026. 4. 22.	1	
https://blog.naver.com/dnation09/224310644613	대동면옥 올림픽공원직영점	하남 맛집	2026. 6. 10.	2	
https://blog.naver.com/dnation09/224272762515	대동면옥 올림픽공원직영점	하남 맛집	2026. 5. 3.	2	
https://blog.naver.com/dnation09/224326708508	우동키노야 합정점	합정역 맛집	2026. 6. 25.	2	
https://blog.naver.com/dnation09/224298972701	우동키노야 합정점	합정역 맛집	2026. 5. 28.	2	
https://blog.naver.com/dnation09/224292466308	신사꽃게당 해운대점	해운대 맛집	2026. 5. 22.	1	
https://blog.naver.com/dnation09/224310673870	신사 꽃게당	해운대 맛집 추천	2026. 6. 9.	1	
https://blog.naver.com/dnation09/224221445105	고기꾼 김춘배	홍대 고기집	2026. 3. 18.	1	
https://blog.naver.com/dnation09/224319899827	봉림대패 홍대점	홍대 맛집	2026. 6. 19.	2	
https://blog.naver.com/dnation09/224214384106	쟁반집 8292 홍대점	홍대 맛집	2026. 3. 12.	2	
https://blog.naver.com/dnation09/224284164028	혼밥 맛	홍대 점심 맛집	2026. 5. 13.	1	
