링크	업체명	키워드	발행일	동일키워드발행수
https://blog.naver.com/dnation09/224323356741	대동면옥 강릉본점	강릉맛집	2026. 6. 22.	2
https://blog.naver.com/dnation09/224313863257	업체명 확인필요	강릉맛집	2026. 6. 13.	2
https://blog.naver.com/dnation09/224327126720	찬란한아구 공덕점	공덕 맛집	2026. 6. 26.	2
https://blog.naver.com/dnation09/224319888922	찬란한아구 공덕점	공덕 맛집	2026. 6. 18.	2
https://blog.naver.com/dnation09/224320875743	우동키노야 광안점	광안리맛집	2026. 6. 21.	3
https://blog.naver.com/dnation09/224320850613	청산1954 광안리본점	광안리맛집	2026. 6. 20.	3
https://blog.naver.com/dnation09/224313043059	우동키노야 광안점	광안리맛집	2026. 6. 11.	3
https://blog.naver.com/dnation09/224317486232	호우양꼬치 구월	구월동 맛집	2026. 6. 16.	2
https://blog.naver.com/dnation09/224310640639	호우양꼬치 구월	구월동 맛집	2026. 6. 9.	2
https://blog.naver.com/dnation09/224320861820	가야부처스	김해맛집	2026. 6. 21.	2
https://blog.naver.com/dnation09/224313860086	가야부처스	김해맛집	2026. 6. 13.	2
https://blog.naver.com/dnation09/224325754519	무등소갈비 대구메리어트점	동대구역 맛집	2026. 6. 24.	2
https://blog.naver.com/dnation09/224303820166	우야지막창 동대구역점	동대구역 맛집	2026. 6. 2.	2
https://blog.naver.com/dnation09/224328009168	업체명 확인필요	동탄맛집	2026. 6. 28.	2
https://blog.naver.com/dnation09/224316459013	업체명 확인필요	동탄맛집	2026. 6. 15.	2
https://blog.naver.com/dnation09/224320867304	상록회관연탄구이 문래점	문래 맛집	2026. 6. 21.	2
https://blog.naver.com/dnation09/224313039184	우시이토 문래점	문래 맛집	2026. 6. 11.	2
https://blog.naver.com/dnation09/224324600267	일편등심 마곡발산점	발산역맛집	2026. 6. 23.	2
https://blog.naver.com/dnation09/224313871692	일편등심 마곡발산점	발산역맛집	2026. 6. 14.	2
https://blog.naver.com/dnation09/224324583242	업체명 확인필요	방이동 회식	2026. 6. 23.	2
https://blog.naver.com/dnation09/224305692568	업체명 확인필요	방이동 회식	2026. 6. 4.	2
https://blog.naver.com/dnation09/224326692276	우동키노야 성수점	성수 맛집	2026. 6. 25.	2
https://blog.naver.com/dnation09/224319903491	우동키노야 성수점	성수 맛집	2026. 6. 19.	2
https://blog.naver.com/dnation09/224328005281	샤브밀	수원역맛집	2026. 6. 28.	3
https://blog.naver.com/dnation09/224320846415	샤브밀	수원역맛집	2026. 6. 20.	3
https://blog.naver.com/dnation09/224313855889	샤브밀	수원역맛집	2026. 6. 12.	3
https://blog.naver.com/dnation09/224327825102	업체명 확인필요	안산맛집	2026. 6. 27.	2
https://blog.naver.com/dnation09/224317481816	업체명 확인필요	안산맛집	2026. 6. 16.	2
https://blog.naver.com/dnation09/224323368956	우동키노야 신용산본점	용산맛집	2026. 6. 22.	2
https://blog.naver.com/dnation09/224318771810	우동키노야 신용산본점	용산맛집	2026. 6. 17.	2
https://blog.naver.com/dnation09/224319912821	업체명 확인필요	율량동맛집	2026. 6. 19.	3
https://blog.naver.com/dnation09/224316450629	업체명 확인필요	율량동맛집	2026. 6. 15.	3
https://blog.naver.com/dnation09/224303975835	업체명 확인필요	율량동맛집	2026. 6. 3.	3
https://blog.naver.com/dnation09/224327130461	업체명 확인필요	일산 맛집	2026. 6. 26.	2
https://blog.naver.com/dnation09/224319895024	업체명 확인필요	일산 맛집	2026. 6. 18.	2
https://blog.naver.com/dnation09/224313849939	아키아키	청주맛집	2026. 6. 12.	2
https://blog.naver.com/dnation09/224311784919	창심관 율량점	청주맛집	2026. 6. 11.	2
https://blog.naver.com/dnation09/224324587645	대구왕뽈때기청주봉명점	청주 봉명동 맛집	2026. 6. 23.	2
https://blog.naver.com/dnation09/224313866635	업체명 확인필요	청주 봉명동 맛집	2026. 6. 13.	2
https://blog.naver.com/dnation09/224326708508	우동키노야 합정점	합정역 맛집	2026. 6. 25.	2
https://blog.naver.com/dnation09/224298972701	우동키노야 합정점	합정역 맛집	2026. 5. 28.	2